{
    "loss": 7.015622138977051,
    "accuracy": 0.5035971403121948
}